Supplier_ID,Supplier_Name,Country,Lead_Time_Days,Quality_Rating,Contract_Type,Supplier_Status
SUP001,Supplier 01,Netherlands,12,4.6,Annual,active
SUP002,Supplier 02,India,4,4.1,Multi-Year,ACTIVE
SUP003,Supplier 03,Spain,13,4.6,Multi-Year,Active
SUP004,Supplier 04,Italy,14,3.6,Multi-Year,Active
SUP005,Supplier 05,Poland,8,,Multi-Year,Active
SUP006,Supplier 06,United Kingdom,12,4.1,Annual,Active
SUP007,Supplier 07,Poland,18,3.4,Annual,Active
SUP008,Supplier 08,Germany,18,4.3,Multi-Year,Active
SUP009,Supplier 09,Germany,4,4.4,Spot,Active
SUP010,Supplier 10,China,5,3.8,Multi-Year,Active
SUP011,Supplier 11,Italy,11,5.0,Annual,Under Review
SUP012,Supplier 12,China,4,3.2,Multi-Year,Active
SUP013,Supplier 13,Spain,3,4.1,Spot,Under review 
SUP014,Supplier 14,Italy,6,3.9,Spot,Active
SUP015,Supplier 15,UK,5,4.4,Spot,Under Review
SUP016,Supplier 16,China,9,3.9,Spot,Active
SUP017,Supplier 17,Poland,5,3.3,Multi-Year,Active
SUP018,Supplier 18,China,4,3.9,Spot,Active
SUP019,Supplier 19,Netherlands,14,4.2,Multi-Year,Active
SUP020,Supplier 20, germany ,5,,Annual,Active
SUP021,Supplier 21,Spain,11,3.5,Multi-Year,Under Review
SUP022,Supplier 22,United Kingdom,14,4.0,Annual,Active
SUP023,Supplier 23,China,15,3.5,Spot,Active
SUP024,Supplier 24,Italy,12,4.7,Multi-Year,Active
SUP025,Supplier 25,Italy,12,3.7,Spot,Active
SUP026,Supplier 26,Italy,7,,Annual,Active
SUP027,Supplier 27,United Kingdom,3,3.2,Spot,Active
SUP028,Supplier 28, poland ,17,3.6,Annual,Active
SUP029,Supplier 29,Spain,8,3.9,Multi-Year,Active
SUP030,Supplier 30, poland ,17,3.3,Spot,Active
SUP031,Supplier 31,Germany,3,4.1,Multi-Year,Active
SUP032,Supplier 32,United Kingdom,18,4.3,Spot,Active
SUP033,Supplier 33,Poland,7,4.7,Annual,Active
SUP034,Supplier 34,Italy,17,3.4,Multi-Year,Active
SUP035,Supplier 35, netherlands ,15,3.5,Spot,Active
SUP036,Supplier 36,Netherlands,11,3.9,Annual,Active
SUP037,Supplier 37,Italy,5,4.1,Spot,Active
SUP038,Supplier 38,India,10,4.7,Multi-Year, under review
SUP039,Supplier 39,Germany,11,3.2,Multi-Year,Active
SUP040,Supplier 40,Netherlands,17,4.1,Multi-Year,Active
SUP025,Supplier 25,Italy,12,3.7,Spot,Active
SUP021,Supplier 21,Spain,11,3.5,Multi-Year,Under Review
